{"elements":[{"from":[5.2114286,7.9542856,6.1257143],"to":[10.56,16.73143,8.96],"rotation":{"angle":0.0,"axis":"y","origin":[7.885714,12.114286,7.3142858]},"faces":{"south":{"uv":[9.99375,4.9875,8.025,7.971875],"rotation":0,"texture":"#0","tintindex":0},"north":{"uv":[5.0125,4.9875,6.96875,8.0],"rotation":0,"texture":"#0","tintindex":0},"down":{"uv":[6.0,1.9625,4.00625,0.0],"rotation":0,"texture":"#0","tintindex":0},"east":{"uv":[6.975,7.9875,8.0125,4.996875],"rotation":0,"texture":"#0","tintindex":0},"west":{"uv":[5.00625,5.0125,3.99375,7.971875],"rotation":0,"texture":"#0","tintindex":0},"up":{"uv":[3.95625,2.0375,1.9875,0.0],"rotation":0,"texture":"#0","tintindex":0}}}],"textures":{"0":"modelengine:entity/white_knight_2_custom_npc"},"display":{"head":{"translation":[0.0,-6.4,0.0],"scale":[4.0,4.0,4.0]}}}