{"elements":[{"from":[5.4399996,6.582857,5.0742855],"to":[10.331429,14.674286,10.514286],"rotation":{"angle":0.0,"axis":"y","origin":[7.7714286,7.542857,8.228572]},"faces":{"south":{"uv":[0.0,0.0,1.065625,1.965625],"rotation":0,"texture":"#0","tintindex":0},"north":{"uv":[9.996875,1.9875,11.9875,3.978125],"rotation":0,"texture":"#0","tintindex":0},"down":{"uv":[10.109375,0.0,12.0,1.615625],"rotation":0,"texture":"#0","tintindex":0},"east":{"uv":[0.0,0.0,2.015625,1.740625],"rotation":0,"texture":"#0","tintindex":0},"west":{"uv":[0.0,0.0,1.640625,1.528125],"rotation":0,"texture":"#0","tintindex":0},"up":{"uv":[7.990625,0.0,10.03125,1.715625],"rotation":0,"texture":"#0","tintindex":0}}},{"from":[5.4399996,7.9542856,5.2114286],"to":[10.331429,12.845715,10.491428],"rotation":{"angle":0.0,"axis":"y","origin":[15.085714,-24.228573,-30.171432]},"faces":{"south":{"uv":[6.06875,2.0625,7.959375,3.978125],"rotation":0,"texture":"#0","tintindex":0},"north":{"uv":[2.0375,1.9875,4.003125,4.003125],"rotation":0,"texture":"#0","tintindex":0},"down":{"uv":[2.25,0.0,4.040625,1.890625],"rotation":0,"texture":"#0","tintindex":0},"east":{"uv":[4.025,2.0375,6.040625,4.003125],"rotation":0,"texture":"#0","tintindex":0},"west":{"uv":[0.0,2.0625,2.065625,4.003125],"rotation":0,"texture":"#0","tintindex":0},"up":{"uv":[2.03125,0.0375,3.946875,1.953125],"rotation":0,"texture":"#0","tintindex":0}}},{"from":[5.4514284,7.9542856,5.0765715],"to":[10.32,12.834286,10.539429],"rotation":{"angle":0.0,"axis":"y","origin":[15.085714,-24.228573,-30.171432]},"faces":{"south":{"uv":[6.06875,2.0625,7.959375,3.928125],"rotation":0,"texture":"#0","tintindex":0},"north":{"uv":[14.034375,3.5,16.0,5.515625],"rotation":0,"texture":"#0","tintindex":0},"down":{"uv":[2.25,0.0,4.040625,1.890625],"rotation":0,"texture":"#0","tintindex":0},"east":{"uv":[4.025,2.0375,6.040625,4.003125],"rotation":0,"texture":"#0","tintindex":0},"west":{"uv":[0.0,2.0625,2.065625,4.003125],"rotation":0,"texture":"#0","tintindex":0},"up":{"uv":[2.03125,0.0375,3.946875,1.953125],"rotation":0,"texture":"#0","tintindex":0}}}],"textures":{"0":"modelengine:entity/white_knight_2_custom_npc"},"display":{"head":{"translation":[0.0,-6.4,0.0],"scale":[4.0,4.0,4.0]}}}